{
    "now": "2024-02-19T06:20:49.719Z",
    "perfNow": 3098160.8999999985,
    "diagnosticCorrelation": "285070be-3a0c-41e6-937d-41e6cd0c853e",
    "source": "DownloadSupportFiles",
    "environment": {
        "productName": "a365",
        "buildVersion": "24.0130.10",
        "environmentType": 9,
        "resourceName": "ggbuk-fdw-synapse-uat",
        "resourceRegion": "uksouth",
        "resourceGroup": "ggbuk-fdw-uat-rg",
        "subscriptionId": "b619a820-c271-4932-bb69-cffed9bf3d55",
        "sessionId": "/RtNW",
        "operationId": "MJSBV",
        "gitType": "live"
    },
    "additionalInfo": {
        "selectedResource": "pl_sqlpool_pause_resume_wrapper",
        "selectedResourceType": "pipeline"
    }
}