{
    "name": "AutoResolveIntegrationRuntime",
    "properties": {
        "type": "Managed",
        "typeProperties": {
            "computeProperties": {
                "location": "AutoResolve",
                "dataFlowProperties": {
                    "computeType": "General",
                    "coreCount": 8,
                    "timeToLive": 0
                }
            }
        },
        "managedVirtualNetwork": {
            "type": "ManagedVirtualNetworkReference",
            "referenceName": "default"
        }
    }
}