{
    "name": "sqlpool_pause_resume_trigger_pool2",
    "properties": {
        "annotations": [],
        "runtimeState": "Stopped",
        "pipelines": [
            {
                "pipelineReference": {
                    "referenceName": "pl_sqlpool_pause_resume_wrapper",
                    "type": "PipelineReference"
                },
                "parameters": {
                    "ResourceGroup": "ggbuk-fdw-uat-rg",
                    "SubscriptionID": "b619a820-c271-4932-bb69-cffed9bf3d55",
                    "WorkspaceName": "ggbuk-fdw-synapse-uat",
                    "SQLPoolName": "ggbukfdwsqlpool2",
                    "PauseOrResume": "Resume"
                }
            }
        ],
        "type": "ScheduleTrigger",
        "typeProperties": {
            "recurrence": {
                "frequency": "Week",
                "interval": 1,
                "startTime": "2023-07-06T12:39:00Z",
                "timeZone": "UTC",
                "schedule": {
                    "minutes": [
                        0
                    ],
                    "hours": [
                        6
                    ],
                    "weekDays": [
                        "Monday",
                        "Tuesday",
                        "Wednesday",
                        "Thursday",
                        "Friday"
                    ]
                }
            }
        }
    }
}