{
    "name": "pl_sqlpool_pause_resume",
    "properties": {
        "activities": [
            {
                "name": "CheckState",
                "type": "WebActivity",
                "dependsOn": [],
                "policy": {
                    "timeout": "0.12:00:00",
                    "retry": 0,
                    "retryIntervalInSeconds": 30,
                    "secureOutput": false,
                    "secureInput": false
                },
                "userProperties": [],
                "typeProperties": {
                    "method": "GET",
                    "url": {
                        "value": "@concat('https://management.azure.com/subscriptions/',pipeline().parameters.SubscriptionID,'/resourceGroups/',pipeline().parameters.ResourceGroup,'/providers/Microsoft.Synapse/workspaces/',pipeline().parameters.WorkspaceName,'/sqlPools/',pipeline().parameters.SQLPoolName,'?api-version=2019-06-01-preview')",
                        "type": "Expression"
                    },
                    "connectVia": {
                        "referenceName": "AutoResolveIntegrationRuntime",
                        "type": "IntegrationRuntimeReference"
                    },
                    "authentication": {
                        "type": "ServicePrincipal",
                        "userTenant": "6cacd170-f897-4b19-ac58-46a23307b80a",
                        "username": "adc29b21-fe62-4a6b-9648-7b76e42aaa6c",
                        "resource": "https://management.azure.com/",
                        "password": {
                            "type": "SecureString",
                            "value": "**********"
                        }
                    }
                }
            },
            {
                "name": "State-PauseOrResume",
                "type": "Switch",
                "dependsOn": [
                    {
                        "activity": "CheckState",
                        "dependencyConditions": [
                            "Succeeded"
                        ]
                    }
                ],
                "userProperties": [],
                "typeProperties": {
                    "on": {
                        "value": "@concat(activity('CheckState').output.properties.status,'-',pipeline().parameters.PauseOrResume)",
                        "type": "Expression"
                    },
                    "cases": [
                        {
                            "value": "Paused-Resume",
                            "activities": [
                                {
                                    "name": "SQLpoolResume",
                                    "type": "WebActivity",
                                    "dependsOn": [],
                                    "policy": {
                                        "timeout": "0.12:00:00",
                                        "retry": 0,
                                        "retryIntervalInSeconds": 30,
                                        "secureOutput": false,
                                        "secureInput": false
                                    },
                                    "userProperties": [],
                                    "typeProperties": {
                                        "method": "POST",
                                        "url": {
                                            "value": "@concat('https://management.azure.com/subscriptions/',pipeline().parameters.SubscriptionID,'/resourceGroups/',pipeline().parameters.ResourceGroup,'/providers/Microsoft.Synapse/workspaces/',pipeline().parameters.WorkspaceName,'/sqlPools/',activity('CheckState').output.name,'/resume?api-version=2019-06-01-preview')",
                                            "type": "Expression"
                                        },
                                        "connectVia": {
                                            "referenceName": "AutoResolveIntegrationRuntime",
                                            "type": "IntegrationRuntimeReference"
                                        },
                                        "body": "Pause and Resume",
                                        "authentication": {
                                            "type": "ServicePrincipal",
                                            "userTenant": "6cacd170-f897-4b19-ac58-46a23307b80a",
                                            "username": "adc29b21-fe62-4a6b-9648-7b76e42aaa6c",
                                            "resource": "https://management.azure.com/",
                                            "password": {
                                                "type": "SecureString",
                                                "value": "**********"
                                            }
                                        }
                                    }
                                }
                            ]
                        },
                        {
                            "value": "Online-Pause",
                            "activities": [
                                {
                                    "name": "SQLpoolPause",
                                    "type": "WebActivity",
                                    "dependsOn": [],
                                    "policy": {
                                        "timeout": "0.12:00:00",
                                        "retry": 0,
                                        "retryIntervalInSeconds": 30,
                                        "secureOutput": false,
                                        "secureInput": false
                                    },
                                    "userProperties": [],
                                    "typeProperties": {
                                        "method": "POST",
                                        "url": {
                                            "value": "@concat('https://management.azure.com/subscriptions/',pipeline().parameters.SubscriptionID,'/resourceGroups/',pipeline().parameters.ResourceGroup,'/providers/Microsoft.Synapse/workspaces/',pipeline().parameters.WorkspaceName,'/sqlPools/',activity('CheckState').output.name,'/pause?api-version=2019-06-01-preview')",
                                            "type": "Expression"
                                        },
                                        "connectVia": {
                                            "referenceName": "AutoResolveIntegrationRuntime",
                                            "type": "IntegrationRuntimeReference"
                                        },
                                        "body": "Pause and Resume",
                                        "authentication": {
                                            "type": "ServicePrincipal",
                                            "userTenant": "6cacd170-f897-4b19-ac58-46a23307b80a",
                                            "username": "adc29b21-fe62-4a6b-9648-7b76e42aaa6c",
                                            "resource": "https://management.azure.com/",
                                            "password": {
                                                "type": "SecureString",
                                                "value": "**********"
                                            }
                                        }
                                    }
                                }
                            ]
                        }
                    ]
                }
            }
        ],
        "parameters": {
            "ResourceGroup": {
                "type": "string",
                "defaultValue": "ggbuk-fdw-uat-rg"
            },
            "SubscriptionID": {
                "type": "string",
                "defaultValue": "b619a820-c271-4932-bb69-cffed9bf3d55"
            },
            "WorkspaceName": {
                "type": "string",
                "defaultValue": "ggbuk-fdw-synapse-uat"
            },
            "SQLPoolName": {
                "type": "string",
                "defaultValue": "ggbukfdwsqlpool3"
            },
            "PauseOrResume": {
                "type": "string"
            }
        },
        "annotations": [],
        "lastPublishTime": "2023-05-08T05:40:01Z"
    },
    "type": "Microsoft.Synapse/workspaces/pipelines"
}