{
    "name": "pl_sqlpool_pause_resume_wrapper",
    "properties": {
        "activities": [
            {
                "name": "Execute Pipeline",
                "type": "ExecutePipeline",
                "dependsOn": [],
                "userProperties": [],
                "typeProperties": {
                    "pipeline": {
                        "referenceName": "pl_sqlpool_pause_resume",
                        "type": "PipelineReference"
                    },
                    "waitOnCompletion": true,
                    "parameters": {
                        "ResourceGroup": "ggbuk-fdw-uat-rg",
                        "SubscriptionID": "b619a820-c271-4932-bb69-cffed9bf3d55",
                        "WorkspaceName": "ggbuk-fdw-synapse-uat",
                        "SQLPoolName": {
                            "value": "@pipeline().parameters.SQLPoolName",
                            "type": "Expression"
                        },
                        "PauseOrResume": {
                            "value": "@pipeline().parameters.PauseOrResume",
                            "type": "Expression"
                        }
                    }
                }
            },
            {
                "name": "SendErrorNotificationMail",
                "type": "WebActivity",
                "dependsOn": [
                    {
                        "activity": "Execute Pipeline",
                        "dependencyConditions": [
                            "Failed"
                        ]
                    }
                ],
                "policy": {
                    "timeout": "0.12:00:00",
                    "retry": 0,
                    "retryIntervalInSeconds": 30,
                    "secureOutput": false,
                    "secureInput": false
                },
                "userProperties": [],
                "typeProperties": {
                    "method": "POST",
                    "headers": {
                        "Content-Type": "application/json"
                    },
                    "url": "https://prod-13.uksouth.logic.azure.com:443/workflows/9c4ca4bb13094b5e86bed51fc1f87c62/triggers/manual/paths/invoke?api-version=2016-10-01&sp=%2Ftriggers%2Fmanual%2Frun&sv=1.0&sig=FbJvHMcd6BYwu9L4tTTzU0hupKHkAZsvtfTSi5SQNTE",
                    "connectVia": {
                        "referenceName": "AutoResolveIntegrationRuntime",
                        "type": "IntegrationRuntimeReference"
                    },
                    "body": {
                        "value": "{\n                     \"Subscription Id\":\"@{pipeline().parameters.SubscriptionID}\",\n                     \"Resource Group\":\"@{pipeline().parameters.ResourceGroup}\",\n                     \"Workspace Name\":\"@{pipeline().DataFactory}\",\n                     \"Pipeline RunId\":\"@{pipeline().RunId}\",\n                     \"Pipeline Name\" :\"@{pipeline().Pipeline}\",\n                     \"Pipeline Status\":\"Failed\",\n                     \"SQL Pool\": \"@{pipeline().parameters.SQLPoolName}\",\n                     \"Blob Name\": \"NA\",\n                     \"Table Name\": \"NA\",\n                     \"Execution Start Time (UTC)\":\"@{pipeline().TriggerTime}\",\n                     \"Execution Finish Time (UTC)\":\"@{utcnow()}\",\n                     \"Error Message\":\"@{activity('Execute Pipeline').Error['message']}\",\n                     \"Notification Time (UTC)\":\"@{utcnow()}\",\n                     \"Title\":\"Synapse Pause/Resume Pipeline Error Encountered\",\n                     \"View pipeline run\" : \"@{concat('https://web.azuresynapse.net/en/monitoring/pipelineruns/',pipeline().RunId,'?workspace=/subscriptions/',pipeline().parameters.SubscriptionID,'/resourceGroups/',pipeline().parameters.ResourceGroup,'/providers/Microsoft.synapse/workspaces/',pipeline().DataFactory)}\"\n                     }  ",
                        "type": "Expression"
                    }
                }
            }
        ],
        "parameters": {
            "ResourceGroup": {
                "type": "string",
                "defaultValue": "ggbuk-fdw-uat-rg"
            },
            "SubscriptionID": {
                "type": "string",
                "defaultValue": "b619a820-c271-4932-bb69-cffed9bf3d55"
            },
            "WorkspaceName": {
                "type": "string",
                "defaultValue": "ggbuk-fdw-synapse-uat"
            },
            "SQLPoolName": {
                "type": "string",
                "defaultValue": "ggbukfdwsqlpool3"
            },
            "PauseOrResume": {
                "type": "string"
            }
        },
        "annotations": [],
        "lastPublishTime": "2023-11-24T05:22:38Z"
    },
    "type": "Microsoft.Synapse/workspaces/pipelines"
}