{
    "$schema": "https://schema.management.azure.com/schemas/2019-04-01/deploymentTemplate.json#",
    "contentVersion": "1.0.0.0",
    "parameters": {
        "workflows_ggbuk_fdw_uat_autocomputedwh_name": {
            "defaultValue": "ggbuk-fdw-uat-autocomputedwh",
            "type": "String"
        },
        "connections_office365_externalid": {
            "defaultValue": "/subscriptions/b619a820-c271-4932-bb69-cffed9bf3d55/resourceGroups/ggbuk-fdw-test-rg/providers/Microsoft.Web/connections/office365",
            "type": "String"
        },
        "connections_sqldw_externalid": {
            "defaultValue": "/subscriptions/b619a820-c271-4932-bb69-cffed9bf3d55/resourceGroups/ggbuk-fdw-test-rg/providers/Microsoft.Web/connections/sqldw",
            "type": "String"
        }
    },
    "variables": {},
    "resources": [
        {
            "type": "Microsoft.Logic/workflows",
            "apiVersion": "2017-07-01",
            "name": "[parameters('workflows_ggbuk_fdw_uat_autocomputedwh_name')]",
            "location": "uksouth",
            "tags": {
                "application name": "Finance Datawarehousing",
                "bu": "994428",
                "division": "GGB UK",
                "environment": "UAT",
                "project name": "FDW"
            },
            "identity": {
                "type": "SystemAssigned"
            },
            "properties": {
                "state": "Disabled",
                "definition": {
                    "$schema": "https://schema.management.azure.com/providers/Microsoft.Logic/schemas/2016-06-01/workflowdefinition.json#",
                    "contentVersion": "1.0.0.0",
                    "parameters": {
                        "$connections": {
                            "defaultValue": {},
                            "type": "Object"
                        },
                        "DatabaseName": {
                            "defaultValue": "ggbukfdwsqlpool2",
                            "type": "String"
                        },
                        "Offset": {
                            "defaultValue": 500,
                            "type": "Int"
                        },
                        "PauseTime": {
                            "defaultValue": "2230",
                            "type": "String"
                        },
                        "ResourceGroupName": {
                            "defaultValue": "ggbuk-fdw-uat-rg",
                            "type": "String"
                        },
                        "ResumeTime": {
                            "defaultValue": "0600",
                            "type": "String"
                        },
                        "ScaleDownSLO": {
                            "defaultValue": "DW100c",
                            "type": "String"
                        },
                        "ScaleDownTime": {
                            "defaultValue": "0100",
                            "type": "String"
                        },
                        "ScaleUpSLO": {
                            "defaultValue": "DW200c",
                            "type": "String"
                        },
                        "ScaleUpTime": {
                            "defaultValue": "0100",
                            "type": "String"
                        },
                        "ScheduleTimeZone": {
                            "defaultValue": "GMT Standard Time",
                            "type": "String"
                        },
                        "ServerName": {
                            "defaultValue": "ggbuk-fdw-synapse-uat",
                            "type": "String"
                        },
                        "SubscriptionId": {
                            "defaultValue": "b619a820-c271-4932-bb69-cffed9bf3d55",
                            "type": "String"
                        },
                        "TenantId": {
                            "defaultValue": "6cacd170-f897-4b19-ac58-46a23307b80a",
                            "type": "String"
                        },
                        "Workflow Run": {
                            "defaultValue": "[concat('https://portal.azure.com/#@ajg0.onmicrosoft.com/resource/subscriptions/b619a820-c271-4932-bb69-cffed9bf3d55/resourceGroups/ggbuk-fdw-uat-rg/providers/Microsoft.Logic/workflows/', parameters('workflows_ggbuk_fdw_uat_autocomputedwh_name'), '/runHistory')]",
                            "type": "String"
                        }
                    },
                    "triggers": {
                        "Recur_every_30_minutes": {
                            "recurrence": {
                                "frequency": "Week",
                                "interval": 1,
                                "schedule": {
                                    "hours": [
                                        "0",
                                        "1",
                                        "2",
                                        "3",
                                        "4",
                                        "5",
                                        "6",
                                        "7",
                                        "8",
                                        "9",
                                        "10",
                                        "11",
                                        "12",
                                        "13",
                                        "14",
                                        "15",
                                        "16",
                                        "17",
                                        "18",
                                        "19",
                                        "20",
                                        "21",
                                        "22",
                                        "23"
                                    ],
                                    "minutes": [
                                        0,
                                        30
                                    ],
                                    "weekDays": [
                                        "Monday",
                                        "Tuesday",
                                        "Wednesday",
                                        "Thursday",
                                        "Friday"
                                    ]
                                },
                                "startTime": "2023-11-09T00:00:00Z",
                                "timeZone": "UTC"
                            },
                            "evaluatedRecurrence": {
                                "frequency": "Week",
                                "interval": 1,
                                "schedule": {
                                    "hours": [
                                        "0",
                                        "1",
                                        "2",
                                        "3",
                                        "4",
                                        "5",
                                        "6",
                                        "7",
                                        "8",
                                        "9",
                                        "10",
                                        "11",
                                        "12",
                                        "13",
                                        "14",
                                        "15",
                                        "16",
                                        "17",
                                        "18",
                                        "19",
                                        "20",
                                        "21",
                                        "22",
                                        "23"
                                    ],
                                    "minutes": [
                                        0,
                                        30
                                    ],
                                    "weekDays": [
                                        "Monday",
                                        "Tuesday",
                                        "Wednesday",
                                        "Thursday",
                                        "Friday"
                                    ]
                                },
                                "startTime": "2023-11-09T00:00:00Z",
                                "timeZone": "UTC"
                            },
                            "type": "Recurrence"
                        }
                    },
                    "actions": {
                        "Get_Warehouse_state": {
                            "runAfter": {
                                "Initialize_ActiveQueryCount_variable": [
                                    "Succeeded"
                                ]
                            },
                            "type": "Http",
                            "inputs": {
                                "authentication": {
                                    "type": "ManagedServiceIdentity"
                                },
                                "method": "GET",
                                "uri": "https://management.azure.com/subscriptions/@{variables('RestAPIVariables')['SubscriptionId']}/resourceGroups/@{variables('RestAPIVariables')['ResourceGroupName']}/providers/Microsoft.Synapse/workspaces/@{variables('RestAPIVariables')['ServerName']}/sqlPools/@{variables('RestAPIVariables')['DatabaseName']}?api-version=2021-06-01"
                            }
                        },
                        "Initialize_API_variables": {
                            "runAfter": {
                                "Initialize_mail_body_variable": [
                                    "Succeeded"
                                ]
                            },
                            "type": "InitializeVariable",
                            "inputs": {
                                "variables": [
                                    {
                                        "name": "RestAPIVariables",
                                        "type": "Object",
                                        "value": {
                                            "DatabaseName": "@{parameters('DatabaseName')}",
                                            "PauseTime": "@{int(parameters('PauseTime'))}",
                                            "ResourceGroupName": "@{parameters('ResourceGroupName')}",
                                            "RestorePointName": "@{parameters('DatabaseName')}-@{utcNow()}",
                                            "ResumeTime": "@{int(parameters('ResumeTime'))}",
                                            "ScaleDownSLO": "@{parameters('ScaleDownSLO')}",
                                            "ScaleDownTime": "@{int(parameters('ScaleDownTime'))}",
                                            "ScaleUpSLO": "@{parameters('ScaleUpSLO')}",
                                            "ScaleUpTime": "@{int(parameters('ScaleUpTime'))}",
                                            "ScheduleTimeZone": "@{parameters('ScheduleTimeZone')}",
                                            "ServerName": "@{parameters('ServerName')}",
                                            "SubscriptionId": "@{parameters('SubscriptionId')}",
                                            "TenantId": "@{parameters('TenantId')}"
                                        }
                                    }
                                ]
                            }
                        },
                        "Initialize_ActiveQueryCount_variable": {
                            "runAfter": {
                                "Initialize_API_variables": [
                                    "Succeeded"
                                ]
                            },
                            "type": "InitializeVariable",
                            "inputs": {
                                "variables": [
                                    {
                                        "name": "ActiveQueryCount",
                                        "type": "Integer",
                                        "value": 1
                                    }
                                ]
                            }
                        },
                        "Initialize_mail_body_variable": {
                            "runAfter": {},
                            "type": "InitializeVariable",
                            "inputs": {
                                "variables": [
                                    {
                                        "name": "EmailBody",
                                        "type": "string",
                                        "value": "<hr>\n<h2 style='color:black'>FDW SQL Pool Actions Failed</h2>\n<hr/>\n<br/>\n<b> Subscription Id: </b>@{parameters('SubscriptionId')} <br/>\n<b> Resource Group: </b>@{parameters('ResourceGroupName')} <br/>\n<b> Workspace Name: </b>@{parameters('ServerName')} <br/>\n<b> SQL Pool: </b> @{parameters('DatabaseName')}<br/>\n<b> Notification Time (UTC): </b> @{utcNow()} <br/>\n<br/>\n<hr/>\n<b> Error Message: </b> <br/>\n<p style='color:black'> xyz <br/>\n</p>\n<hr/>\n<a href=\"@{parameters('Workflow Run')}\"><b> View Logic App Run </b></a><br/>\n<b> Logic app Run Identifier: </b> @{workflow()['run']['name']} <br/>\n<p style='color:gray;'>This email was generated automatically. Please do not respond to it. Contact team at: contact@noreply.com </p>\n"
                                    }
                                ]
                            }
                        },
                        "PauseDataWarehouseIfApplicable": {
                            "actions": {
                                "CreateRestorePoint": {
                                    "runAfter": {},
                                    "type": "Http",
                                    "inputs": {
                                        "authentication": {
                                            "type": "ManagedServiceIdentity"
                                        },
                                        "body": {
                                            "restorePointLabel": "@{variables('RestAPIVariables')['RestorePointName']}"
                                        },
                                        "method": "POST",
                                        "uri": "https://management.azure.com/subscriptions/@{variables('RestAPIVariables')['SubscriptionId']}/resourceGroups/@{variables('RestAPIVariables')['ResourceGroupName']}/providers/Microsoft.Synapse/workspaces/@{variables('RestAPIVariables')['ServerName']}/sqlPools/@{variables('RestAPIVariables')['DatabaseName']}/restorePoints?api-version=2021-06-01"
                                    }
                                },
                                "PauseDataWareHouse": {
                                    "runAfter": {
                                        "CreateRestorePoint": [
                                            "Succeeded"
                                        ]
                                    },
                                    "type": "Http",
                                    "inputs": {
                                        "authentication": {
                                            "type": "ManagedServiceIdentity"
                                        },
                                        "method": "POST",
                                        "uri": "https://management.azure.com/subscriptions/@{variables('RestAPIVariables')['SubscriptionId']}/resourceGroups/@{variables('RestAPIVariables')['ResourceGroupName']}/providers/Microsoft.Synapse/workspaces/@{variables('RestAPIVariables')['ServerName']}/sqlPools/@{variables('RestAPIVariables')['DatabaseName']}/pause?api-version=2021-06-01"
                                    }
                                }
                            },
                            "runAfter": {
                                "PauseOrScale_If_Possible": [
                                    "Succeeded"
                                ]
                            },
                            "expression": {
                                "and": [
                                    {
                                        "and": [
                                            {
                                                "equals": [
                                                    "@body('Get_Warehouse_state')['properties']['status']",
                                                    "Online"
                                                ]
                                            }
                                        ]
                                    },
                                    {
                                        "and": [
                                            {
                                                "greaterOrEquals": [
                                                    "@int(convertFromUtc(utcNow(), variables('RestAPIVariables')['ScheduleTimeZone'], 'HHmm'))",
                                                    "@sub(int(variables('RestAPIVariables')['PauseTime']), 5)"
                                                ]
                                            },
                                            {
                                                "less": [
                                                    "@int(convertFromUtc(utcNow(), variables('RestAPIVariables')['ScheduleTimeZone'], 'HHmm'))",
                                                    "@add(int(variables('RestAPIVariables')['PauseTime']), int(parameters('Offset')))"
                                                ]
                                            }
                                        ]
                                    }
                                ]
                            },
                            "type": "If"
                        },
                        "PauseOrScale_If_Possible": {
                            "actions": {
                                "Until_ZeroActiveQueries": {
                                    "actions": {
                                        "Check_for_Active_UsersOrTransactions": {
                                            "runAfter": {},
                                            "type": "ApiConnection",
                                            "inputs": {
                                                "body": {
                                                    "idletime": 15
                                                },
                                                "host": {
                                                    "connection": {
                                                        "name": "@parameters('$connections')['sqldw']['connectionId']"
                                                    }
                                                },
                                                "method": "post",
                                                "path": "/v2/datasets/@{encodeURIComponent(encodeURIComponent('ggbuk-fdw-synapse-uat.sql.azuresynapse.net'))},@{encodeURIComponent(encodeURIComponent('ggbukfdwsqlpool2'))}/procedures/@{encodeURIComponent(encodeURIComponent('[lcf].[usp_CheckActiveUsers]'))}"
                                            }
                                        },
                                        "Update_ActiveQueryCount_variable": {
                                            "runAfter": {
                                                "Check_for_Active_UsersOrTransactions": [
                                                    "Succeeded"
                                                ]
                                            },
                                            "type": "SetVariable",
                                            "inputs": {
                                                "name": "ActiveQueryCount",
                                                "value": "@body('Check_for_Active_UsersOrTransactions')?['resultsets']?['Table1'][0]['Status']"
                                            }
                                        },
                                        "Wait5minsIfActiveQuery": {
                                            "actions": {
                                                "Wait_5mins": {
                                                    "runAfter": {},
                                                    "type": "Wait",
                                                    "inputs": {
                                                        "interval": {
                                                            "count": 16,
                                                            "unit": "Minute"
                                                        }
                                                    }
                                                }
                                            },
                                            "runAfter": {
                                                "Update_ActiveQueryCount_variable": [
                                                    "Succeeded"
                                                ]
                                            },
                                            "expression": {
                                                "and": [
                                                    {
                                                        "equals": [
                                                            "@variables('ActiveQueryCount')",
                                                            0
                                                        ]
                                                    }
                                                ]
                                            },
                                            "type": "If"
                                        }
                                    },
                                    "runAfter": {},
                                    "expression": "@equals(variables('ActiveQueryCount'), 1)",
                                    "limit": {
                                        "count": 3,
                                        "timeout": "PT35M"
                                    },
                                    "type": "Until"
                                }
                            },
                            "runAfter": {
                                "Get_Warehouse_state": [
                                    "Succeeded"
                                ]
                            },
                            "expression": {
                                "and": [
                                    {
                                        "and": [
                                            {
                                                "equals": [
                                                    "@body('Get_Warehouse_state')['properties']['status']",
                                                    "Online"
                                                ]
                                            }
                                        ]
                                    },
                                    {
                                        "or": [
                                            {
                                                "and": [
                                                    {
                                                        "greaterOrEquals": [
                                                            "@int(convertFromUtc(utcNow(), variables('RestAPIVariables')['ScheduleTimeZone'], 'HHmm'))",
                                                            "@sub(int(variables('RestAPIVariables')['PauseTime']), 5)"
                                                        ]
                                                    },
                                                    {
                                                        "less": [
                                                            "@int(convertFromUtc(utcNow(), variables('RestAPIVariables')['ScheduleTimeZone'], 'HHmm'))",
                                                            "@add(int(variables('RestAPIVariables')['PauseTime']), int(parameters('Offset')))"
                                                        ]
                                                    }
                                                ]
                                            },
                                            {
                                                "and": [
                                                    {
                                                        "greaterOrEquals": [
                                                            "@int(convertFromUtc(utcNow(), variables('RestAPIVariables')['ScheduleTimeZone'], 'HHmm'))",
                                                            "@sub(int(variables('RestAPIVariables')['ScaleDownTime']), 5)"
                                                        ]
                                                    },
                                                    {
                                                        "lessOrEquals": [
                                                            "@int(convertFromUtc(utcNow(), variables('RestAPIVariables')['ScheduleTimeZone'], 'HHmm'))",
                                                            "@add(int(variables('RestAPIVariables')['ScaleDownTime']), 25)"
                                                        ]
                                                    }
                                                ]
                                            },
                                            {
                                                "and": [
                                                    {
                                                        "greaterOrEquals": [
                                                            "@int(convertFromUtc(utcNow(), variables('RestAPIVariables')['ScheduleTimeZone'], 'HHmm'))",
                                                            "@sub(int(variables('RestAPIVariables')['ScaleUpTime']), 5)"
                                                        ]
                                                    },
                                                    {
                                                        "lessOrEquals": [
                                                            "@int(convertFromUtc(utcNow(), variables('RestAPIVariables')['ScheduleTimeZone'], 'HHmm'))",
                                                            "@add(int(variables('RestAPIVariables')['ScaleUpTime']), 25)"
                                                        ]
                                                    }
                                                ]
                                            }
                                        ]
                                    }
                                ]
                            },
                            "type": "If"
                        },
                        "ResumeDataWarehouseIfPossible": {
                            "actions": {
                                "ResumeDatawarehouse": {
                                    "runAfter": {},
                                    "type": "Http",
                                    "inputs": {
                                        "authentication": {
                                            "type": "ManagedServiceIdentity"
                                        },
                                        "method": "POST",
                                        "uri": "https://management.azure.com/subscriptions/@{variables('RestAPIVariables')['SubscriptionId']}/resourceGroups/@{variables('RestAPIVariables')['ResourceGroupName']}/providers/Microsoft.Synapse/workspaces/@{variables('RestAPIVariables')['ServerName']}/sqlPools/@{variables('RestAPIVariables')['DatabaseName']}/resume?api-version=2021-06-01"
                                    }
                                }
                            },
                            "runAfter": {
                                "Get_Warehouse_state": [
                                    "Succeeded"
                                ]
                            },
                            "expression": {
                                "and": [
                                    {
                                        "greaterOrEquals": [
                                            "@int(convertFromUtc(utcNow(), variables('RestAPIVariables')['ScheduleTimeZone'], 'HHmm'))",
                                            "@sub(int(variables('RestAPIVariables')['ResumeTime']), 5)"
                                        ]
                                    },
                                    {
                                        "less": [
                                            "@int(convertFromUtc(utcNow(), variables('RestAPIVariables')['ScheduleTimeZone'], 'HHmm'))",
                                            "@add(int(variables('RestAPIVariables')['ResumeTime']), 25)"
                                        ]
                                    },
                                    {
                                        "equals": [
                                            "@body('Get_Warehouse_state')['properties']['status']",
                                            "Paused"
                                        ]
                                    }
                                ]
                            },
                            "type": "If"
                        },
                        "ScaleDownDataWarehouseIfApplicable": {
                            "actions": {
                                "ScaleDown_Data_Warehouse": {
                                    "runAfter": {},
                                    "type": "Http",
                                    "inputs": {
                                        "authentication": {
                                            "type": "ManagedServiceIdentity"
                                        },
                                        "body": {
                                            "location": "@{body('Get_Warehouse_state')['location']}",
                                            "sku": {
                                                "name": "@{variables('RestAPIVariables')['ScaleDownSLO']}"
                                            }
                                        },
                                        "method": "PUT",
                                        "uri": "https://management.azure.com/subscriptions/@{variables('RestAPIVariables')['SubscriptionId']}/resourceGroups/@{variables('RestAPIVariables')['ResourceGroupName']}/providers/Microsoft.Synapse/workspaces/@{variables('RestAPIVariables')['ServerName']}/sqlPools/@{variables('RestAPIVariables')['DatabaseName']}?api-version=2021-06-01"
                                    }
                                }
                            },
                            "runAfter": {
                                "PauseOrScale_If_Possible": [
                                    "Succeeded"
                                ]
                            },
                            "expression": {
                                "and": [
                                    {
                                        "and": [
                                            {
                                                "equals": [
                                                    "@body('Get_Warehouse_state')['properties']['status']",
                                                    "Online"
                                                ]
                                            }
                                        ]
                                    },
                                    {
                                        "and": [
                                            {
                                                "greaterOrEquals": [
                                                    "@int(convertFromUtc(utcNow(), variables('RestAPIVariables')['ScheduleTimeZone'], 'HHmm'))",
                                                    "@sub(int(variables('RestAPIVariables')['ScaleDownTime']), 5)"
                                                ]
                                            },
                                            {
                                                "lessOrEquals": [
                                                    "@int(convertFromUtc(utcNow(), variables('RestAPIVariables')['ScheduleTimeZone'], 'HHmm'))",
                                                    "@add(int(variables('RestAPIVariables')['ScaleDownTime']), 25)"
                                                ]
                                            }
                                        ]
                                    }
                                ]
                            },
                            "type": "If"
                        },
                        "ScaleUpDataWarehouseIfApplicable": {
                            "actions": {
                                "ScaleUp_Data_Warehouse": {
                                    "runAfter": {},
                                    "type": "Http",
                                    "inputs": {
                                        "authentication": {
                                            "type": "ManagedServiceIdentity"
                                        },
                                        "body": {
                                            "location": "@{body('Get_Warehouse_state')['location']}",
                                            "sku": {
                                                "name": "@variables('RestAPIVariables')['ScaleUpSLO']"
                                            }
                                        },
                                        "method": "PUT",
                                        "uri": "https://management.azure.com/subscriptions/@{variables('RestAPIVariables')['SubscriptionId']}/resourceGroups/@{variables('RestAPIVariables')['ResourceGroupName']}/providers/Microsoft.Synapse/workspaces/@{variables('RestAPIVariables')['ServerName']}/sqlPools/@{variables('RestAPIVariables')['DatabaseName']}?api-version=2021-06-01"
                                    }
                                }
                            },
                            "runAfter": {
                                "PauseOrScale_If_Possible": [
                                    "Succeeded"
                                ]
                            },
                            "expression": {
                                "and": [
                                    {
                                        "and": [
                                            {
                                                "equals": [
                                                    "@body('Get_Warehouse_state')['properties']['status']",
                                                    "Online"
                                                ]
                                            }
                                        ]
                                    },
                                    {
                                        "and": [
                                            {
                                                "greaterOrEquals": [
                                                    "@int(convertFromUtc(utcNow(), variables('RestAPIVariables')['ScheduleTimeZone'], 'HHmm'))",
                                                    "@sub(int(variables('RestAPIVariables')['ScaleUpTime']), 5)"
                                                ]
                                            },
                                            {
                                                "lessOrEquals": [
                                                    "@int(convertFromUtc(utcNow(), variables('RestAPIVariables')['ScheduleTimeZone'], 'HHmm'))",
                                                    "@add(int(variables('RestAPIVariables')['ScaleUpTime']), 25)"
                                                ]
                                            }
                                        ]
                                    }
                                ]
                            },
                            "type": "If"
                        },
                        "Send_an_email_on_Compute_actions": {
                            "runAfter": {
                                "PauseOrScale_If_Possible": [
                                    "Failed"
                                ]
                            },
                            "type": "ApiConnection",
                            "inputs": {
                                "body": {
                                    "Body": "<p>@{replace(variables('EmailBody'),'xyz',if(equals(actions('Until_ZeroActiveQueries').Status,'Failed'), string(actions('Until_ZeroActiveQueries').Error),string(actions('PauseOrScale_If_Possible').Error)))}</p>",
                                    "Importance": "Normal",
                                    "Subject": "UAT - SQL Pool Auto Compute Actions failed",
                                    "To": "fdw.prod.operations@elait.com;gayathri_jothi@ajg.com;matt_goss@ajg.com;8f1a4719.elait.com@emea.teams.ms"
                                },
                                "host": {
                                    "connection": {
                                        "name": "@parameters('$connections')['office365']['connectionId']"
                                    }
                                },
                                "method": "post",
                                "path": "/v2/Mail"
                            }
                        },
                        "Send_an_email_on_Pause_DWH": {
                            "runAfter": {
                                "PauseDataWarehouseIfApplicable": [
                                    "Failed"
                                ]
                            },
                            "type": "ApiConnection",
                            "inputs": {
                                "body": {
                                    "Body": "<p>@{replace(variables('EmailBody'),'xyz',string(actions('PauseDataWarehouseIfApplicable').Error))}</p>",
                                    "Importance": "High",
                                    "Subject": "DEV - SQL Pool Auto Compute Action failed",
                                    "To": "fdw.prod.operations@elait.com;gayathri_jothi@ajg.com;andrew_davis1@ajg.com;matt_goss@ajg.com;8f1a4719.elait.com@emea.teams.ms"
                                },
                                "host": {
                                    "connection": {
                                        "name": "@parameters('$connections')['office365']['connectionId']"
                                    }
                                },
                                "method": "post",
                                "path": "/v2/Mail"
                            }
                        },
                        "Send_an_email_on_Resume_DWH": {
                            "runAfter": {
                                "ResumeDataWarehouseIfPossible": [
                                    "Failed"
                                ]
                            },
                            "type": "ApiConnection",
                            "inputs": {
                                "body": {
                                    "Body": "<p>@{replace(variables('EmailBody'),'xyz',string(actions('ResumeDataWarehouseIfPossible').Error))}</p>",
                                    "Importance": "High",
                                    "Subject": "DEV - SQL Pool Auto Compute Action failed",
                                    "To": "fdw.prod.operations@elait.com;gayathri_jothi@ajg.com;andrew_davis1@ajg.com;matt_goss@ajg.com;8f1a4719.elait.com@emea.teams.ms"
                                },
                                "host": {
                                    "connection": {
                                        "name": "@parameters('$connections')['office365']['connectionId']"
                                    }
                                },
                                "method": "post",
                                "path": "/v2/Mail"
                            }
                        },
                        "Send_an_email_on_Scale_down_DWH": {
                            "runAfter": {
                                "ScaleDownDataWarehouseIfApplicable": [
                                    "Failed"
                                ]
                            },
                            "type": "ApiConnection",
                            "inputs": {
                                "body": {
                                    "Body": "<p>@{replace(variables('EmailBody'),'xyz',string(actions('ScaleDownDataWarehouseIfApplicable').Error))}</p>",
                                    "Importance": "High",
                                    "Subject": "DEV - SQL Pool Auto Compute Action failed",
                                    "To": "fdw.prod.operations@elait.com;gayathri_jothi@ajg.com;andrew_davis1@ajg.com;matt_goss@ajg.com;8f1a4719.elait.com@emea.teams.ms"
                                },
                                "host": {
                                    "connection": {
                                        "name": "@parameters('$connections')['office365']['connectionId']"
                                    }
                                },
                                "method": "post",
                                "path": "/v2/Mail"
                            }
                        },
                        "Send_an_email_on_Scale_up_DWH": {
                            "runAfter": {
                                "ScaleUpDataWarehouseIfApplicable": [
                                    "Failed"
                                ]
                            },
                            "type": "ApiConnection",
                            "inputs": {
                                "body": {
                                    "Body": "<p>@{replace(variables('EmailBody'),'xyz',string(actions('ScaleUpDataWarehouseIfApplicable').Error))}</p>",
                                    "Importance": "High",
                                    "Subject": "DEV - SQL Pool Auto Compute Action failed",
                                    "To": "fdw.prod.operations@elait.com;gayathri_jothi@ajg.com;andrew_davis1@ajg.com;matt_goss@ajg.com;8f1a4719.elait.com@emea.teams.ms"
                                },
                                "host": {
                                    "connection": {
                                        "name": "@parameters('$connections')['office365']['connectionId']"
                                    }
                                },
                                "method": "post",
                                "path": "/v2/Mail"
                            }
                        }
                    },
                    "outputs": {}
                },
                "parameters": {
                    "$connections": {
                        "value": {
                            "office365": {
                                "connectionId": "[parameters('connections_office365_externalid')]",
                                "connectionName": "office365",
                                "id": "/subscriptions/b619a820-c271-4932-bb69-cffed9bf3d55/providers/Microsoft.Web/locations/uksouth/managedApis/office365"
                            },
                            "sqldw": {
                                "connectionId": "[parameters('connections_sqldw_externalid')]",
                                "connectionName": "sqldw",
                                "id": "/subscriptions/b619a820-c271-4932-bb69-cffed9bf3d55/providers/Microsoft.Web/locations/uksouth/managedApis/sqldw"
                            }
                        }
                    }
                }
            }
        }
    ]
}